"channel_id","channel_name","channel_url"
"1","Samay Raina","https://www.youtube.com/@SamayRainaOfficial"
"2","Krish Naik","https://www.youtube.com/@krishnaik06"
"3","ddd","https://id.heroku.com/account/accept/15763718/eabcb5bd8ba2876f48adadb147936eea"
"4","wddd","https://www.youtube.com/@SamayRainaOfficial"
"5","qas","https://www.youtube.com/@SamayRainaOfficial"
"6","dsdc","https://www.youtube.com/@SamayRainaOfficial"
"7","d","e"
"8","Great Learning","https://www.youtube.com/watch?v=ZJ_dtEk5GP0"
"9","Learning Champion","https://www.youtube.com/watch?v=AHx4HOdRJTw"
"10","CodeWithHarry","https://www.youtube.com/watch?v=ORCuz7s5cCY"
"11","Transcode","https://www.youtube.com/watch?v=ghCbURMWBD8"
"12","Ajay Mahar","https://www.youtube.com/watch?v=u7ZJOQFHsAA"
"13","Digital Academy","https://www.youtube.com/watch?v=ItHSuo64S3s"
"14","Morpankh Code","https://www.youtube.com/watch?v=Z98ZOHQ7bB8"
"15","Sudhakar Atchala","https://www.youtube.com/watch?v=dt3xMCTAlAI"
"16","Programming with Mosh","https://www.youtube.com/watch?v=Ctqi5Y4X-jA"
"17","Skillsoft YouTube","https://www.youtube.com/watch?v=WZWwPFfQbzQ"
"18","Bro Code","https://www.youtube.com/watch?v=DB9Cq6TSTuQ"
"19","Khan Academy","https://www.youtube.com/watch?v=9LgyKiq_hU0"
"20","Tech With Tim","https://www.youtube.com/watch?v=UEuXQjPUwcw"
"21","Intellipaat","https://www.youtube.com/watch?v=olH6T7iicQQ"
"22","Naveen Saiyan [ ENGLISH ]","https://www.youtube.com/watch?v=CzQhkVgVHO0"
"23","365 Data Science","https://www.youtube.com/watch?v=KrToaEvDzdk"
"24","Mr. STEM EDU TV","https://www.youtube.com/watch?v=cfNIoOocmsU"
"25","Amulya's Academy","https://www.youtube.com/watch?v=wwfvaAQZGbQ"
"26","Neso Academy","https://www.youtube.com/watch?v=ZniDyolzrBw"
"27","Practical Python Solutions - By Paul Mahon","https://www.youtube.com/watch?v=Q1GLqiuu9TY"
"28","amplifyabhi coding","https://www.youtube.com/watch?v=5l-SWFlq_h8"
"29","Spoken-Tutorial IIT Bombay","https://www.youtube.com/watch?v=AhGR2uExW3o"
"30","Swapnil","https://www.youtube.com/watch?v=gQKWm4-GTQY"
"31","Tech Educate","https://www.youtube.com/watch?v=WwvQkXuC-nQ"
"32","CS Dojo","https://www.youtube.com/watch?v=8yjkWGRlUmY"
"33","Salsal Media","https://www.youtube.com/watch?v=CT_QHD_DWMk"
"34","Learning Journal","https://www.youtube.com/watch?v=oDvADOQbcbQ"
"35","choobtorials","https://www.youtube.com/watch?v=Z8vmjToqlO8"
"36","CodeBerry Programming School","https://www.youtube.com/watch?v=BLK_y8NSrIw"
"37","Coders Companion","https://www.youtube.com/watch?v=GF4t0vqNKnY"
"38","estudy.in","https://www.youtube.com/watch?v=cGl2OaCu06k"
"39","Software and Testing Training","https://www.youtube.com/watch?v=SbnRqnyTeZ4"
"40","LearnWithOqba ","https://www.youtube.com/watch?v=xuLIt6JHu0k"
"41","henryishuman","https://www.youtube.com/watch?v=Gj9CSJu1qjY"
"42","NOC16 CS11","https://www.youtube.com/watch?v=oe6iF3yzMo8"
"43","JANAK TRIVEDI","https://www.youtube.com/watch?v=2EQp1TsSg40"
"44","Jeremy Maurer","https://www.youtube.com/watch?v=kyTJixvrUUg"
"45","Python Simplified","https://www.youtube.com/watch?v=wFEC7VbWBZo"
"46","CodeHS","https://www.youtube.com/watch?v=UQn0cKvoFa8"
"47","Udemy Everything","https://www.youtube.com/watch?v=DGeoQCoh9iY"
"48","Anuj Bhaiya","https://www.youtube.com/watch?v=mZGlcukGuTo"
"49","sciekore (سائی کور)","https://www.youtube.com/watch?v=dPgDkI-FoBA"
"50","2023 - Land On Dream Job With Best Skills","https://www.youtube.com/watch?v=mhYQjqHhghY"
"51","Gate Smashers","https://www.youtube.com/watch?v=W5q0xgxmRd8"
"52","Simply Explained","https://www.youtube.com/watch?v=AQDCe585Lnc"
"53","b001","https://www.youtube.com/watch?v=KR22jigJLok"
"54","DevDungeon","https://www.youtube.com/watch?v=bfD6m8_yraM"
"55","Coding with Bintu","https://www.youtube.com/watch?v=Kwiu28wKfvU"
"56","Socratica","https://www.youtube.com/watch?v=WpF6azYAxYg"
"57","Clever Programmer","https://www.youtube.com/watch?v=0oKwRZdKvdI"
"58","The Comparison Channel","https://www.youtube.com/watch?v=Rldzskbnjgo"
"59","Infinity Learn NEET","https://www.youtube.com/watch?v=lowavG2SXsQ"
"60","Data Analytics Ireland","https://www.youtube.com/watch?v=HWEv6ai0SSQ"
"61","London App Developer","https://www.youtube.com/watch?v=_ypAw_pCOt8"
"62","LinkedIn Learning","https://www.youtube.com/watch?v=b0v7V1fT1wY"
"63","YcodeY","https://www.youtube.com/watch?v=qotQH535Ohw"
"64","Joseph Delgadillo","https://www.youtube.com/watch?v=f7FywnAh2IM"
"65","Dan Leeman","https://www.youtube.com/watch?v=qriL9Qe8pJc"
"66","WsCube Tech! ENGLISH","https://www.youtube.com/watch?v=NvCPGdrK-tk"
"67","NitMan Talks","https://www.youtube.com/watch?v=AKFfy0YiiDI"
"68","HMA Live","https://www.youtube.com/watch?v=cHYURF37hrM"
"69","Fabio Musanni - Programming Channel","https://www.youtube.com/watch?v=LXV53NKfKQI"
"70","Power Couple","https://www.youtube.com/watch?v=xF554Tlzo-c"
"71","Begin Coding Fast","https://www.youtube.com/watch?v=oeuRpsduTOQ"
"72","Leila Gharani","https://www.youtube.com/watch?v=b9WoDkPOTPs"
"73","warrenpier","https://www.youtube.com/watch?v=K_9IIkPyec4"
"74","A&E","https://www.youtube.com/watch?v=0uguJ6kpQSo"
"75","John DeNero","https://www.youtube.com/watch?v=gDsdcF1bpBs"
"76","Dr Codie","https://www.youtube.com/watch?v=trP2CCzDxN0"
"77","Leadtech","https://www.youtube.com/watch?v=59d304DXdXo"
"78","NPTEL-NOC IITM","https://www.youtube.com/watch?v=mzx74TdGYbg"
"79","Michael E Tech","https://www.youtube.com/watch?v=nkgkKxqi2ns"
"80","CodeWithRonny","https://www.youtube.com/watch?v=Ob7p_VFM4xA"
"81","Learn Upwards","https://www.youtube.com/watch?v=85jnkXL58IA"
"82","Future Programmer","https://www.youtube.com/watch?v=12ObuYK1rcw"
"83","TSInfo Technologies","https://www.youtube.com/watch?v=yStKKwVz9gA"
"84","Code World","https://www.youtube.com/watch?v=4EELI11EBcs"
"85","Ömer ÖZYILDIRIM","https://www.youtube.com/watch?v=s008LNP9aSQ"
"86","Sei Hau","https://www.youtube.com/watch?v=5RDqtF6nkUw"
"87","GrandmaCan -我阿嬤都會","https://www.youtube.com/watch?v=gM-puiT5lu8"
"88","Functional Programming in Haskell","https://www.youtube.com/watch?v=ZpFq2gYeLCs"
"89","IIT Madras - B.S. Degree Programme","https://www.youtube.com/watch?v=V7r6DB3a6_o"
"90","Keyan Studios","https://www.youtube.com/watch?v=fJsTky943S8"
"91","Web Development Tutorials","https://www.youtube.com/watch?v=uU2WM47PSVs"
"92","Language Programs","https://www.youtube.com/watch?v=4G7WrXtxRhs"
"93","Sohaib Jahangir","https://www.youtube.com/watch?v=8uNfrE40hkg"
"94","SavageCamp","https://www.youtube.com/watch?v=4uGaUXMzjcM"
"95","MaeMap","https://www.youtube.com/watch?v=-yPdGvKlyQo"
"96","Michael Kennedy","https://www.youtube.com/watch?v=TwNGHa0-6ik"
"97","DATA SCIENCE LOVERS","https://www.youtube.com/watch?v=_XoGgkY0q1k"
"98","Python with Andrew","https://www.youtube.com/watch?v=RGwEhuewzNI"
"99","Simply Coding","https://www.youtube.com/watch?v=fX64q6sYom0"
"100","Visual Studio Code","https://www.youtube.com/watch?v=B-s71n0dHUk"
"101","Tek Solutions","https://www.youtube.com/watch?v=pZu9UqFowhM"
"102","Tech2 etc","https://www.youtube.com/watch?v=95JrLWKy6-I"
"103","Rishabh Mishra","https://www.youtube.com/watch?v=AyMBPxxQRtA"
"104","Korean Romance Adda","https://www.youtube.com/watch?v=LyXzDVNNoPY"
"105","Zeeshan Usmani","https://www.youtube.com/watch?v=p-WRlrfu2J8"
"106","mCoding","https://www.youtube.com/watch?v=5vpdzRbfTIM"
"107","Brain Talks","https://www.youtube.com/watch?v=L5cPVJpkNb0"
"108","Language skills","https://www.youtube.com/watch?v=7XXR3s_fYU8"
"109","Edusoft Learning Systems - Learning Simplified","https://www.youtube.com/watch?v=Tig-uKiv48E"
"110","Khan Academy Computing","https://www.youtube.com/watch?v=UAk8Xr89hkI"
"111","Numoni","https://www.youtube.com/watch?v=72grLhOyLHU"
"112","Corey Schafer","https://www.youtube.com/watch?v=sugvnHA7ElY"
"113","Afrimax English","https://www.youtube.com/watch?v=kv-okFq0-MI"
"114","Gogetmyguru","https://www.youtube.com/watch?v=vR_THLtpsXM"
"115","Dr. Darshan Ingle","https://www.youtube.com/watch?v=zOuzD26DFWQ"
"116","Professor Gerry Jenkins","https://www.youtube.com/watch?v=xGPZ97PG14g"
"117","Josh Hug","https://www.youtube.com/watch?v=m2F-ekp_BRU"
"118","The Digital Cat","https://www.youtube.com/watch?v=1Jc41dIVOk8"
"119","Yogi Coder","https://www.youtube.com/watch?v=D3_fK4xJq9Q"
"120","Coding Is Fun","https://www.youtube.com/watch?v=WlQ7t0fC5Gs"
"121","Ahmed Hekal","https://www.youtube.com/watch?v=BYDoYQs_qu4"
"122","mr_amitdas","https://www.youtube.com/watch?v=l8pELvpWofs"
"123","TechGeekyArti","https://www.youtube.com/watch?v=X5hqPorm_lw"
"124","King of Techniques","https://www.youtube.com/watch?v=YspUGvjOobc"
"125","Fresh Computer Gyaan","https://www.youtube.com/watch?v=r8PVe4ihCAk"
"126","plus2net","https://www.youtube.com/watch?v=8myaNdeRKwk"
"127","United Top Tech","https://www.youtube.com/watch?v=9dY4ExUEgZw"
"128","Analytics Excellence","https://www.youtube.com/watch?v=T9GG2iSQSPQ"
"129","AllTech","https://www.youtube.com/watch?v=4DrCIVS5U3Y"
"130","DoxaTech","https://www.youtube.com/watch?v=3VmNuqfavF4"
"131","Automation Step by Step","https://www.youtube.com/watch?v=9t3vMi95z2w"
"132","Namma Veetu Cooku","https://www.youtube.com/watch?v=oejwg0IJWro"
"133","Talking about Computer Science","https://www.youtube.com/watch?v=KUTURT9NIok"
"134","Python 360","https://www.youtube.com/watch?v=CRBOUgyHb3M"
"135","Microsoft Developer","https://www.youtube.com/watch?v=3FcCrD7yxfQ"
"136","Mr Fugu Data Science","https://www.youtube.com/watch?v=M7DSN1yZ4MQ"
"137","MEENA SYAMKUMAR","https://www.youtube.com/watch?v=KWFFcTFc0Ng"
"138","Chuck Severance","https://www.youtube.com/watch?v=J5DjteDzgoM"
"139","Senaid Bacinovic","https://www.youtube.com/watch?v=Yb_p6VqSpTg"
"140","CodeWithSundeep","https://www.youtube.com/watch?v=BQfK1QKCHys"
"141","The AI University","https://www.youtube.com/watch?v=3G3bQKzX6to"
"142","AK Python","https://www.youtube.com/watch?v=Q7YGBwKVpds"
"143","Digital Fox","https://www.youtube.com/watch?v=jd6KSMpc9F4"
"144","Darkfall","https://www.youtube.com/watch?v=K88a1kXCY5M"
"145","WsCube Tech","https://www.youtube.com/watch?v=vhUnkaJAh9A"
"146","Deep Block","https://www.youtube.com/watch?v=kDSd6LjeEiE"
"147","pythonmiracle","https://www.youtube.com/watch?v=s8bUKmoGZMA"
"148","Smartherd","https://www.youtube.com/watch?v=VPAvB5R6d5g"
"149","codebasics","https://www.youtube.com/watch?v=P1uHDPpe_04"
"150","tech authority","https://www.youtube.com/watch?v=GTAMWVb3DkE"
"151","CODING BY AVNEET","https://www.youtube.com/watch?v=p6BzUFypEcA"
"152","Ben Eater","https://www.youtube.com/watch?v=yOyaJXpAYZQ"
"153","iTanny","https://www.youtube.com/watch?v=iZ44MR9o0ao"
"154","MrExcel.com","https://www.youtube.com/watch?v=KIhDQDtvZPg"
"155","Sundas Khalid","https://www.youtube.com/watch?v=CKsuUIBW6iU"
"156","Stefanovic","https://www.youtube.com/watch?v=AYWLZ1lES6g"
"157","The Morpheus Tutorials","https://www.youtube.com/watch?v=kxpGn6DQVB4"
"158","Tirendaz AI","https://www.youtube.com/watch?v=Yiok2hw_sAo"
"159","Data Insights School","https://www.youtube.com/watch?v=9EWLIMoUlq4"
"160","Rob Mulla","https://www.youtube.com/watch?v=VHqn7ufiilE"
"161","technologyCult","https://www.youtube.com/watch?v=NYQ-ykE-cBM"
"162","Snake InThe Python Shadow","https://www.youtube.com/watch?v=r5txwd6W1rg"
"163","DataScienceLearning","https://www.youtube.com/watch?v=cxV8jROBJJI"
"164","Machine Learning Plus - Selva","https://www.youtube.com/watch?v=MtKYXoXcwB8"
"165","Naburika","https://www.youtube.com/watch?v=YkoekXkJFY8"
"166","Ocean 215: Python Methods for Oceanography","https://www.youtube.com/watch?v=_sP8Q1Cq_a8"
"167","Data Science Bits","https://www.youtube.com/watch?v=B-tutus8LoU"
"168","An IT Professional","https://www.youtube.com/watch?v=uFVCcOhcLfc"
"169","UVA School of Data Science","https://www.youtube.com/watch?v=4PLY2B8lOQo"
"170","Koolac","https://www.youtube.com/watch?v=O_5kf_Kb684"
"171","CareerFoundry","https://www.youtube.com/watch?v=lgCNTuLBMK4"
"172","SCET Berkeley","https://www.youtube.com/watch?v=tUR7tAsPYaE"
"173","Yong Wang","https://www.youtube.com/watch?v=-gcl4z5qcJc"
"174","edureka!","https://www.youtube.com/watch?v=ioZNNfxXXqo"
"175","Ankit Attri","https://www.youtube.com/watch?v=ZoHjh_Qijxc"
"176","Statistics Canada","https://www.youtube.com/watch?v=gewM4balOek"
"177","Computing For All","https://www.youtube.com/watch?v=JfBM_-WQfYc"
"178","IBM Technology","https://www.youtube.com/watch?v=GE3JOFwTWVM"
"179","Data Science for Engineers IITM","https://www.youtube.com/watch?v=h_F1HmSQ7Ss"
"180","Google Cloud Tech","https://www.youtube.com/watch?v=rvVkVsG49uU"
"181","Samanvay Karambhe","https://www.youtube.com/watch?v=ISVO7LG82s0"
"182","LEAD","https://www.youtube.com/watch?v=n-hnIowCXwE"
"183","Normalized Nerd","https://www.youtube.com/watch?v=v6VJ2RO66Ag"
"184","Darpan Bajaj","https://www.youtube.com/watch?v=KDye_DnvpW8"
"185","Digita Schools","https://www.youtube.com/watch?v=4zTO9d-C_Nc"
"186","Lillian Pierson, P.E.","https://www.youtube.com/watch?v=cGAFFgIBgQ0"
"187","Neuromatch Academy","https://www.youtube.com/watch?v=LdJkLyw4yzg"
"188","NetworkChuck","https://www.youtube.com/watch?v=JJCq21Dc-Us"
"189","3Blue1Brown","https://www.youtube.com/watch?v=aircAruvnKk"
"190","Posit PBC","https://www.youtube.com/watch?v=uy2xKAuiYNE"
"191","Google for Developers","https://www.youtube.com/watch?v=LDRbO9a6XPU"
"192","Emma Ding","https://www.youtube.com/watch?v=iO_oxGsaBaU"
"193","We & Data","https://www.youtube.com/watch?v=UTh8Qq5T7vg"
"194","Intuitive Machine Learning","https://www.youtube.com/watch?v=mEGYznC6F9s"
"195","Jovian","https://www.youtube.com/watch?v=Bk_ZlATw8k0"
"196","Kunaal Naik","https://www.youtube.com/watch?v=tI_Pco7snZw"
"197","Udacity","https://www.youtube.com/watch?v=6xnEyz6Qwjg"
"198","LEARN & APPLY : Lean and Six Sigma","https://www.youtube.com/watch?v=xTpHD5WLuoA"
"199","Kenji Explains","https://www.youtube.com/watch?v=_g5roKHj95o"
"200","Marginal Revolution University","https://www.youtube.com/watch?v=LTqFq9wtcdI"
"201","Bhavesh Bhatt","https://www.youtube.com/watch?v=U7D1h5bbpcs"
"202","Dr.Gajendra Purohit","https://www.youtube.com/watch?v=ddYNq1TxtM0"
"203","RANJI RAJ","https://www.youtube.com/watch?v=WxINg-eof2M"
"204","TJ Academy","https://www.youtube.com/watch?v=bwAyNakLqUw"
"205","Kevin Stratvert","https://www.youtube.com/watch?v=b-cFv2DvEqE"
"206","Brandon Foltz","https://www.youtube.com/watch?v=NmjT1_nClzg"
"207","Dr Nic's Maths and Stats","https://www.youtube.com/watch?v=hZxnzfnt5v8"
"208","Quantitative Specialists","https://www.youtube.com/watch?v=KIBZUk39ncI"
"209","Data Mining - IITKGP","https://www.youtube.com/watch?v=VsYKqOokgaE"
"210","Forsyth Tech CTLE","https://www.youtube.com/watch?v=sMg_3NY76UE"
"211","ailuropoda8","https://www.youtube.com/watch?v=Fv_dCWzppQM"
"212","Digital E-Learning","https://www.youtube.com/watch?v=KLAEwukvuZs"
"213","Professor CarolJM","https://www.youtube.com/watch?v=DMD4juLdehQ"
"214","TensorFlow","https://www.youtube.com/watch?v=3xualF8abC4"
"215","Leo Isikdogan","https://www.youtube.com/watch?v=GI_QVLNCgPo"
"216","Google Open Source","https://www.youtube.com/watch?v=3Mox39sztxU"
"217","Packt ","https://www.youtube.com/watch?v=K_BHmztRTpA"
"218","Siraj Raval","https://www.youtube.com/watch?v=j_pJmXJwMLA"
"219","Mısra Turp","https://www.youtube.com/watch?v=NBhas7xb3h4"
"220","Sundog Education with Frank Kane","https://www.youtube.com/watch?v=Lsw3Nq_LsKc"
"221","Weights & Biases","https://www.youtube.com/watch?v=Qf4YJcHXtcY"
"222","Jeff Heaton","https://www.youtube.com/watch?v=XNCEZ4WaPBY"
"223","DeepLearningAI","https://www.youtube.com/watch?v=JXQT_vxqwIs"
"224","StatQuest with Josh Starmer","https://www.youtube.com/watch?v=L8HKweZIOmg"
"225","TED","https://www.youtube.com/watch?v=reUZRyXxUs4"
"226","IIT Bombay July 2018","https://www.youtube.com/watch?v=iwf9rDkGEmQ"
"227","AIEngineering","https://www.youtube.com/watch?v=AnZWCB1gpfE"
"228","Decisive Data","https://www.youtube.com/watch?v=N2rZKLtKni0"
"229","Biodemography","https://www.youtube.com/watch?v=LjxmrHxN8cE"
"230","IST OnlineLearning","https://www.youtube.com/watch?v=htFTQ4ibMbw"
"231","CareerTrek","https://www.youtube.com/watch?v=jLla9Z7XKyg"
"232","Management Mantra","https://www.youtube.com/watch?v=jWBJ9zturBw"
"233","STAT 545","https://www.youtube.com/watch?v=X8b44P5D-5w"
"234","Quantra","https://www.youtube.com/watch?v=hvflqHTWXVs"
"235","Usama Albaghdady","https://www.youtube.com/watch?v=em4OFr-4C34"
"236","intricity101","https://www.youtube.com/watch?v=4qFZ-5i4GS8"
"237","TechMantra Quest","https://www.youtube.com/watch?v=qS28I2DmzZk"
"238","Intellectual Indies","https://www.youtube.com/watch?v=qcqT5SqE8BY"
"239","Simplilearn","https://www.youtube.com/watch?v=508CR1fd8ws"
"240","Newsthink","https://www.youtube.com/watch?v=BEbVddOm2X8"
"241","RapidMiner, Inc.","https://www.youtube.com/watch?v=gDYvLvzPXG0"
"242","Data Mining","https://www.youtube.com/watch?v=9uvlWViHrzc"
"243","Mitchell R. Wenger (Accounting Systems & Tech)","https://www.youtube.com/watch?v=kX-AM3I34GE"
"244","Technology for Teachers and Students","https://www.youtube.com/watch?v=SlWIgMFpsPg"
"245","KNIMETV","https://www.youtube.com/watch?v=IPocK55TTK4"
"246","Underfitted","https://www.youtube.com/watch?v=Q_uf9Ik2S28"
"247","Jordan Boyd-Graber","https://www.youtube.com/watch?v=kdaX9p6Uc9k"
"248","HuggingFace","https://www.youtube.com/watch?v=M05L1DhFqcw"
"249","TED-Ed","https://www.youtube.com/watch?v=7bUVjJWA6Vw"
"250","Everything Science","https://www.youtube.com/watch?v=DF4GDAqweo8"
"251","CoinGecko","https://www.youtube.com/watch?v=tvW9VKJ58Lg"
"252","Delaware ShoutOut - Social Media Strategies","https://www.youtube.com/watch?v=Cw22bCgrdLU"
"253","Crash Chemistry Academy","https://www.youtube.com/watch?v=TY4Yoyur3X4"
"254","Excel Campus - Jon","https://www.youtube.com/watch?v=9NUjHBNWe9M"
"255","mathantics","https://www.youtube.com/watch?v=ZNX-a-5jGeM"
"256","LearningLad","https://www.youtube.com/watch?v=z600MQdQ9lg"
"257","The Developers House","https://www.youtube.com/watch?v=fZ6HHeJcgxY"
"258","Atish Jain","https://www.youtube.com/watch?v=Ax8_9S9ql34"
"259","The Cherno","https://www.youtube.com/watch?v=f3FVU-iwNuA"
"260","AmanBytes","https://www.youtube.com/watch?v=RSDzvlXmQi4"
"261","IT Education Network","https://www.youtube.com/watch?v=x-tj7tEfNoI"
"262","GeeksforGeeks","https://www.youtube.com/watch?v=3rDp0yOACZQ"
"263","Mary Elaine Califf","https://www.youtube.com/watch?v=2Q07Xl8XlEM"
"264","Programming Concepts","https://www.youtube.com/watch?v=Y7-zPX2G4i0"
"265","thecplusplusguy","https://www.youtube.com/watch?v=kPstXPqb7sI"
"266","Tom Scott","https://www.youtube.com/watch?v=6otW6OXjR8c"
"267","Tech Gee","https://www.youtube.com/watch?v=JeW9xCtZIvI"
"268","mycodeschool","https://www.youtube.com/watch?v=OSyjOvFbAGI"
"269","Code Karo Na !","https://www.youtube.com/watch?v=CE2rLLRrxnM"
"270","Tushar Roy - Coding Made Simple","https://www.youtube.com/watch?v=AXjmTQ8LEoI"
"271","programmerlyfe","https://www.youtube.com/watch?v=NyyrYee6s0Y"
"272","Ekeeda","https://www.youtube.com/watch?v=t_u516mLEbk"
"273","S&T CAFE","https://www.youtube.com/watch?v=U3nm6li7uG0"
"274","Dan McElroy","https://www.youtube.com/watch?v=fJknsloyUgc"
"275","Shreya Soni","https://www.youtube.com/watch?v=u0-zsFMIEoA"
"276","C² - Computer Curiosity","https://www.youtube.com/watch?v=khLBQubHPT4"
"277","Alex Hyett","https://www.youtube.com/watch?v=igIjGxF2J-w"
"278","IT Knowledge Seekers","https://www.youtube.com/watch?v=PxBxYWTy_4E"
"279","CodeBrothers","https://www.youtube.com/watch?v=rdA7HULyYTM"
"280","CS101.1x","https://www.youtube.com/watch?v=SDLQUqNa2Is"
"281","Debankit Priyadarshi","https://www.youtube.com/watch?v=QxVga2Vctw4"
"282","Premananda Sahoo","https://www.youtube.com/watch?v=ufjrzChCIX8"
"283","Learning Passion","https://www.youtube.com/watch?v=dGjRCyDwW0M"
"284","Easy Code 4 you","https://www.youtube.com/watch?v=llT_WgfA4ZA"
"285","Sumaira Maqbool","https://www.youtube.com/watch?v=jlWl_fTkoh4"
"286","Simplified Coding","https://www.youtube.com/watch?v=8nHy6Wr2QiU"
"287","LearnEveryone","https://www.youtube.com/watch?v=fPvaXzVOAd8"
"288","Celine Latulipe","https://www.youtube.com/watch?v=0hfFcHZEAjI"
"289","CS50","https://www.youtube.com/watch?v=AI6Ccfno6Pk"
"290","Courses Clue","https://www.youtube.com/watch?v=Wo6xgFH7jxM"
"291","Curious Chahar","https://www.youtube.com/watch?v=UPME8r3SuhA"
"292","Tamil Pro Techniques","https://www.youtube.com/watch?v=Yl6osrHgChU"
"293","Arunima Das","https://www.youtube.com/watch?v=nqBIcR3AChw"
"294","Easyfreenotes","https://www.youtube.com/watch?v=uIbdcG_-7dE"
"295","Luiz Chagas Jardim","https://www.youtube.com/watch?v=Jn5C_gmgwZ8"
"296","Cpp Technology Explained","https://www.youtube.com/watch?v=-OFj8UptSpM"
"297","ArseniyKD","https://www.youtube.com/watch?v=HfT5lzhw-_o"
"298","Friendly Journey","https://www.youtube.com/watch?v=IMtQZzpzCvk"
"299","Jordan West","https://www.youtube.com/watch?v=ZNjg_7nxsz4"
"300","Computerphile","https://www.youtube.com/watch?v=de2Hsvxaf8M"
"301","Programming Electronics Academy","https://www.youtube.com/watch?v=27_7Sco08k8"
"302","Introduction to Programming in C","https://www.youtube.com/watch?v=JlooWuQBvms"
"303","Tushars Programming Tutorials","https://www.youtube.com/watch?v=EEIeAJfw7WA"
"304","Programming in C plus plus","https://www.youtube.com/watch?v=5kZrXXPfvns"
"305","Mohamed Nabeel","https://www.youtube.com/watch?v=kosSNXnSEJ0"
"306","cs128","https://www.youtube.com/watch?v=yGo5KA6m2OY"
"307","sk programming","https://www.youtube.com/watch?v=-x5FaRu9bqQ"
"308","aXXo","https://www.youtube.com/watch?v=yW_ZxqVDLVE"
"309","Fraz","https://www.youtube.com/watch?v=0lWGfN9XRwM"
"310","Nishant Chahar","https://www.youtube.com/watch?v=aXl_0pcUo_M"
"311","KV PROTECH","https://www.youtube.com/watch?v=LTYzEZtgUzQ"
"312","William Lin","https://www.youtube.com/watch?v=bVKHRtafgPc"
"313","Brackeys","https://www.youtube.com/watch?v=WKjfCHxeEz4"
"314","Programming Line","https://www.youtube.com/watch?v=jz2X5szVi6U"
"315","Samir Paul","https://www.youtube.com/watch?v=ec-H2N-ptpk"
"316","dhrubz lab","https://www.youtube.com/watch?v=b6ERnru89iw"
"317","C++ Weekly With Jason Turner","https://www.youtube.com/watch?v=78Y_LRZPVRg"
"318","set steps 360","https://www.youtube.com/watch?v=UkEHr6zUBME"
"319","adnanonlineclass.net","https://www.youtube.com/watch?v=jcBKcACc0_o"
"320","J David Eisenberg","https://www.youtube.com/watch?v=9uQcFN3LzOE"
"321","Open Logic","https://www.youtube.com/watch?v=ChKNWUCsces"
"322","Lukasz Lipski","https://www.youtube.com/watch?v=FncNE2vdtwQ"
"323","CppCon","https://www.youtube.com/watch?v=SDJImePyftY"
"324","5 Minutes or Less","https://www.youtube.com/watch?v=lL_j7ilk7rc"
"325","StudySession","https://www.youtube.com/watch?v=8lFFsRSs938"
"326","Jamstack TV","https://www.youtube.com/watch?v=uumZV98zHt8"
"327","Islam Eldemery","https://www.youtube.com/watch?v=-okOS064y9I"
"328","Akash Tyagi","https://www.youtube.com/watch?v=SEGikYc-i1g"
"329","We Learn","https://www.youtube.com/watch?v=-Q185BYuhJ4"
"330","W3C","https://www.youtube.com/watch?v=vK8vj1l_oRk"
"331","I Hate Programming","https://www.youtube.com/watch?v=piWn3r6_VD0"
"332","ByteByteGo","https://www.youtube.com/watch?v=dGAgxozNWFE"
"333","BBC Learning English","https://www.youtube.com/watch?v=KNhwmHq1asM"
"334","Rohit Negi","https://www.youtube.com/watch?v=pYRQ0Yxp_mQ"
"335","Coding Ninjas","https://www.youtube.com/watch?v=a0OKwn_c1-0"
"336","Sebastian Lague","https://www.youtube.com/watch?v=-L-WgKMFuhE"
"337","Complex Concepts, Simply Put","https://www.youtube.com/watch?v=kb1mvw8r45o"
"338","Vaibhav Udgir","https://www.youtube.com/watch?v=504yWqQv0G4"
"339","Thomas Pressly","https://www.youtube.com/watch?v=Yhi7u1uvP24"
"340","Robert Martin","https://www.youtube.com/watch?v=yMwA4u7eXEY"
"341","Multilingual Programming","https://www.youtube.com/watch?v=2nYoaInwoCQ"
"342","SANTRA TECHSPOT","https://www.youtube.com/watch?v=g3LVmxvyVJg"
"343","Hey Node","https://www.youtube.com/watch?v=dfjDaD0kwE8"
"344","CS101.2x","https://www.youtube.com/watch?v=YAlvCAMSH5Q"
"345","KV ALGORITHMS","https://www.youtube.com/watch?v=j2eK4GvAME0"
"346","Techquickie","https://www.youtube.com/watch?v=4daUujBgQQ8"
"347","Geeky Script","https://www.youtube.com/watch?v=KRDGl9cqPwA"
"348","SchoolFreeware","https://www.youtube.com/watch?v=aDojwZK7Z_w"
"349","Tharani Subramanian","https://www.youtube.com/watch?v=OdcGUNXUfDs"
"350","DIY Usability","https://www.youtube.com/watch?v=TmVA5B67aCg"
"351","Life at Google","https://www.youtube.com/watch?v=Z7UpV6TnyOg"
"352","Master UXResearch","https://www.youtube.com/watch?v=eZu3d0b9SvM"
"353","awwwards.","https://www.youtube.com/watch?v=5yOqvhpp6ws"
"354","GFXMentor","https://www.youtube.com/watch?v=SbS1jwm4U4o"
"355","Pro-face","https://www.youtube.com/watch?v=oj9yFLuzN5Q"
"356","Saptarshi Prakash","https://www.youtube.com/watch?v=yWYXMxGLAUk"
"357","Sara Brunettini","https://www.youtube.com/watch?v=Xo4IqccZ2kg"
"358","Aquent Gymnasium","https://www.youtube.com/watch?v=UDekSJsMOC8"
"359","Gian the UX Designer","https://www.youtube.com/watch?v=-Wswto7eZlo"
"360","Julien Hervy","https://www.youtube.com/watch?v=SNRRNN1UPEM"
"361","Ansh Mehra","https://www.youtube.com/watch?v=bH-tB-qxypI"
"362","Nikhil Pawar","https://www.youtube.com/watch?v=fvg7u8055GE"
"363","Jadene Designs","https://www.youtube.com/watch?v=2gbJ15XS1yU"
"364","Workplace Anthropology Matters!","https://www.youtube.com/watch?v=R6okpqLRaYU"
"365","NNgroup","https://www.youtube.com/watch?v=8QQKSeR4YhI"
"366","UX Tools","https://www.youtube.com/watch?v=jT57uCPr7p8"
"367","UX in the Head","https://www.youtube.com/watch?v=ockM9XEqHN0"
"368","Technical Suneja","https://www.youtube.com/watch?v=iFzDCx_v9C0"
"369","aonatalks","https://www.youtube.com/watch?v=buLb-O7zTTM"
"370","DesignCode","https://www.youtube.com/watch?v=1h73MOcH3xA"
"371","Sanrachna Foundation","https://www.youtube.com/watch?v=W8G2BoBABbc"
"372","Design Sundays","https://www.youtube.com/watch?v=3vuzm-A015A"
"373","Namecheap","https://www.youtube.com/watch?v=ra3bNDaIfZY"
"374","David Travis","https://www.youtube.com/watch?v=m0IzkBRgqgY"
"375","UX Design Explained","https://www.youtube.com/watch?v=CLkWNmSPdC0"
"376","ACM SIGCHI","https://www.youtube.com/watch?v=bQ8qkKJTPDs"
"377","outdraw.design","https://www.youtube.com/watch?v=-KFNFr1KVKs"
"378","Han Bang","https://www.youtube.com/watch?v=ZPfy4r7BrZc"
"379","UXTips","https://www.youtube.com/watch?v=uZrFaHINQ7g"
"380","Edgar Anzaldua","https://www.youtube.com/watch?v=VR8ac30f46k"
"381","Jayant Padhi","https://www.youtube.com/watch?v=FGF8RusTIQ0"
"382","Malewicz","https://www.youtube.com/watch?v=iYegAhaqS0s"
"383","Moo Gruppen AS","https://www.youtube.com/watch?v=OyLrGZeRVeQ"
"384","Nooshin Behy","https://www.youtube.com/watch?v=JAMfE4li8iY"
"385","Hazel Song","https://www.youtube.com/watch?v=WY-4J0aEGgQ"
"386","SUBHE | India's Favourite Design Academy","https://www.youtube.com/watch?v=iiKivu695iE"
"387","GoDaddy","https://www.youtube.com/watch?v=WXKvpA2H9IA"
"388","Academy of Art University","https://www.youtube.com/watch?v=h-W4K79JaR8"
"389","MS Kidsaccount","https://www.youtube.com/watch?v=qMO2H56G85Y"
"390","Kaborzi Learning Network","https://www.youtube.com/watch?v=I91M6lOKRSk"
"391","Time to Code","https://www.youtube.com/watch?v=EKtjXRBqd8g"
"392","fzFact","https://www.youtube.com/watch?v=sq-AB2OGKEE"
"393","Satori Graphics","https://www.youtube.com/watch?v=kPgDFDDA4Ew"
"394","GCFLearnFree","https://www.youtube.com/watch?v=a5KYlHNKQB8"
"395","Patricia Reiners","https://www.youtube.com/watch?v=PElrgvZh9aU"
"396","Monica's Design Process","https://www.youtube.com/watch?v=YT1mFQvlQhg"
"397","Zakey Design","https://www.youtube.com/watch?v=iDpV3KLwsIs"
"398","She is a Creative | UI UX Design Freelancer","https://www.youtube.com/watch?v=nhO86T8DZSc"
"399","Dantier and Balogh Design Studio","https://www.youtube.com/watch?v=ouHWteJaicc"
"400","Will Paterson","https://www.youtube.com/watch?v=pD4cap1H3fM"
"401","Jesse Showalter","https://www.youtube.com/watch?v=GLQn3y2bRow"
"402","Canva","https://www.youtube.com/watch?v=pF1BDc0tZ6w"
"403","Nordeus","https://www.youtube.com/watch?v=XODRTu1ltKM"
"404","Envato Tuts+","https://www.youtube.com/watch?v=ivl6auWTmA4"
"405","Sarah Renae Clark","https://www.youtube.com/watch?v=YeI6Wqn4I78"
"406","Kerev Design","https://www.youtube.com/watch?v=r8r_tstxJzc"
"407","HubSpot Marketing ","https://www.youtube.com/watch?v=B8FqI5Kun34"
"408","Envato","https://www.youtube.com/watch?v=8J0nbuunDXc"
"409","Devtamin","https://www.youtube.com/watch?v=DBhJguQDUVg"
"410","Sourabh Vats","https://www.youtube.com/watch?v=bmfcL36lSkc"
"411","Flamb Design","https://www.youtube.com/watch?v=3TIUfbWln_U"
"412","LogoDesignTheory","https://www.youtube.com/watch?v=Z538sJUSPoU"
"413","Design Domination","https://www.youtube.com/watch?v=6cvB2zGGK8U"
"414","domix design","https://www.youtube.com/watch?v=PkeduYlKl20"
"415","A &T","https://www.youtube.com/watch?v=pRtAWPLZHvg"
"416","UX, He Wrote","https://www.youtube.com/watch?v=1Yvu-i9H6lI"
"417","UX Product Design Mastery","https://www.youtube.com/watch?v=RaD53XRvhvU"
"418","Balsamiq","https://www.youtube.com/watch?v=3DQyaZSd76I"
"419","Charli Cheung","https://www.youtube.com/watch?v=PlhVsEJqTdU"
"420","GrowthX","https://www.youtube.com/watch?v=ouzCm8aWhMU"
"421","Evolve Marketing","https://www.youtube.com/watch?v=T0vt3nLZKks"
"422","Rectl","https://www.youtube.com/watch?v=tDUtgDYN2fA"
"423","Aliena Cai","https://www.youtube.com/watch?v=6hOPZWaC1d4"
"424","Nguyên Hoàng","https://www.youtube.com/watch?v=s_KvLIabFi0"
"425","CXL","https://www.youtube.com/watch?v=rj6iVKZt_yA"
"426","Chris ⚡️ Product Designer","https://www.youtube.com/watch?v=0PsauecSaI8"
"427","Pelfizz Studio","https://www.youtube.com/watch?v=xxeoSMold6o"
"428","Google Career Certificates","https://www.youtube.com/watch?v=fvo5EClD9bA"
"429","Domestika English","https://www.youtube.com/watch?v=sd2UNu0J6i4"
"430","The Nook with Grace-Mary","https://www.youtube.com/watch?v=S7AGkcLuwWY"
"431","Danix Creation - UX UI Design Tutorials","https://www.youtube.com/watch?v=yCw_nIIN2Vs"
"432","PACE Hawaii","https://www.youtube.com/watch?v=lg1GXY5eLRc"
"433","muhammad irzi ghaits alriyadi","https://www.youtube.com/watch?v=mr6aGj1-mbQ"
"434","Figma","https://www.youtube.com/watch?v=Dm5LH2mrBc4"
"435","Web D School","https://www.youtube.com/watch?v=9-JA5YvLft8"
"436","DIGITALLYBRAND","https://www.youtube.com/watch?v=DcFaI98bEEk"
"437","Graphic Workers","https://www.youtube.com/watch?v=DM1vDzM5z1Q"
"438","Angga Risky","https://www.youtube.com/watch?v=ZjbBXVsKnKU"
"439","Ryan Kwon","https://www.youtube.com/watch?v=AJR7CTsaKOw"
"440","Emerson Visuals","https://www.youtube.com/watch?v=eV7nq0K-fLc"
"441","Tutorials","https://www.youtube.com/watch?v=e1i2runE1bY"
"442","The Handoff with Derek Mei","https://www.youtube.com/watch?v=Gd_M6PzNHPg"
"443","Google Chrome Developers","https://www.youtube.com/watch?v=oDcb3fvtETs"
"444","Kickass UX","https://www.youtube.com/watch?v=4VoGkqiU_lA"
"445","The Fashion Run-Up","https://www.youtube.com/watch?v=n5tlhpTVJY0"
"446","PixelCutCompany","https://www.youtube.com/watch?v=c6wjhtOMLxk"
"447","QSC","https://www.youtube.com/watch?v=KWy3v5m4zdE"
"448","Picnic Journal","https://www.youtube.com/watch?v=aB9AeumJasg"
"449","vaexperience","https://www.youtube.com/watch?v=Bcz28tKDiAQ"
"450","HR_Navin","https://www.youtube.com/watch?v=xWHCZJ_OciU"
"451","Omniconvert","https://www.youtube.com/watch?v=m6Rlm5nTzV0"
"452","Learn English with Steve Ford","https://www.youtube.com/watch?v=_aXwFS8rVfc"
"453","Last moment tuitions","https://www.youtube.com/watch?v=cAcnl2NSCpM"
"454","Insider Business","https://www.youtube.com/watch?v=FWxoI0RrPvc"
"455","Drag","https://www.youtube.com/watch?v=3gU7rvLd3aA"
"456","Pixel Federation","https://www.youtube.com/watch?v=JrXsE7vB6Uw"
"457","Cleveroad — Web and Mobile App Development","https://www.youtube.com/watch?v=Tyjq6e8Kr4Y"
"458","Filestage","https://www.youtube.com/watch?v=3iQQirQQN08"
"459","Abhishek Tripathi","https://www.youtube.com/watch?v=cuZzACQ71XA"
"460","Adam Fard Studio","https://www.youtube.com/watch?v=Y6B-u173hdQ"
"461","UIContainer","https://www.youtube.com/watch?v=zYxFvHsdQNI"
"462","esterification_art","https://www.youtube.com/watch?v=GLoZzavQrFY"
"463","Hack University","https://www.youtube.com/watch?v=Ilg6pFdHxFU"
"464","Howard Pinsky","https://www.youtube.com/watch?v=R7W6JVkqDjQ"
"465","CharliMarieTV","https://www.youtube.com/watch?v=cCNLD5IZY34"
"466","Lauris Beinerts","https://www.youtube.com/watch?v=BKorP55Aqvg"
"467","Sam Does Design","https://www.youtube.com/watch?v=2e7DSZzKK0A"
"468","Bucky Dodd","https://www.youtube.com/watch?v=fX0NYMLXDQQ"
"469","Maex","https://www.youtube.com/watch?v=mBb-2PZl5pA"
"470","Lucid Software","https://www.youtube.com/watch?v=zid-MVo7M-E"
